,county,year,days_with_aqi,good_days,moderate_days,unhealthy_for_sensitive_groups_days,unhealthy_days,very_unhealthy_days,hazardous_days,max_aqi,90th_percentile_aqi,median_aqi,days_co,days_no2,days_ozone,days_pm2.5,days_pm10
0,Alameda,2017,365,106,245,9,4,1,0,205,78,56,0,6,51,308,0
1,Amador,2017,362,291,67,4,0,0,0,136,64,38,0,0,362,0,0
2,Butte,2017,365,100,241,23,1,0,0,155,95,59,0,0,150,213,2
3,Calaveras,2017,354,118,222,12,2,0,0,172,87,57,0,0,198,155,1
4,Colusa,2017,365,237,120,7,0,1,0,213,67,43,0,0,168,179,18
5,Contra Costa,2017,365,131,222,8,4,0,0,175,76,54,0,0,55,310,0
6,Del Norte,2017,298,241,55,0,1,1,0,251,56,27,0,0,0,298,0
7,El Dorado,2017,362,235,96,31,0,0,0,147,100,45,0,0,327,7,28
8,Fresno,2017,365,76,169,93,26,1,0,207,140,75,0,2,212,140,11
9,Glenn,2017,365,231,127,7,0,0,0,150,63,46,0,0,144,185,36
10,Humboldt,2017,365,298,59,5,3,0,0,180,61,37,1,1,230,123,10
11,Imperial,2017,365,73,250,37,2,2,1,328,104,64,0,2,139,163,61
12,Inyo,2017,365,195,145,16,3,0,6,2234,87,49,0,0,256,58,51
13,Kern,2017,365,59,167,115,24,0,0,197,140,85,0,0,236,121,8
14,Kings,2017,365,82,212,50,21,0,0,192,125,72,0,0,185,145,35
15,Lake,2017,362,350,10,1,1,0,0,172,44,35,0,0,346,15,1
16,Los Angeles,2017,365,9,237,73,38,8,0,224,156,79,0,20,156,189,0
17,Madera,2017,365,117,200,42,6,0,0,166,105,62,0,1,210,139,15
18,Marin,2017,365,224,133,5,3,0,0,164,62,44,0,6,86,273,0
19,Mariposa,2017,365,146,179,31,9,0,0,189,101,54,0,0,216,149,0
20,Mendocino,2017,365,226,131,7,0,1,0,203,70,45,0,0,107,255,3
21,Merced,2017,364,127,203,31,3,0,0,161,100,58,0,0,173,189,2
22,Mono,2017,365,300,40,5,1,4,15,3767,63,18,0,0,0,40,325
23,Monterey,2017,365,265,99,1,0,0,0,121,58,41,0,0,188,150,27
24,Napa,2017,365,137,214,7,5,2,0,274,71,53,1,1,37,326,0
25,Nevada,2017,365,194,90,62,19,0,0,185,133,49,0,0,343,22,0
26,Orange,2017,365,86,247,30,2,0,0,151,97,59,0,15,138,209,3
27,Placer,2017,365,211,145,7,2,0,0,156,77,46,0,5,224,134,2
28,Plumas,2017,351,184,142,17,8,0,0,189,90,47,0,0,0,351,0
29,Riverside,2017,365,26,188,100,43,6,2,359,161,87,0,1,213,120,31
30,Sacramento,2017,365,105,225,33,2,0,0,164,100,60,0,0,146,215,4
31,San Benito,2017,365,284,79,2,0,0,0,117,64,41,0,0,311,51,3
32,San Bernardino,2017,365,9,209,73,51,23,0,233,185,84,0,8,203,140,14
33,San Diego,2017,365,41,262,56,6,0,0,174,112,68,0,0,203,162,0
34,San Francisco,2017,365,211,147,7,0,0,0,136,67,44,0,28,103,234,0
35,San Joaquin,2017,365,141,191,33,0,0,0,146,100,55,0,2,153,202,8
36,San Luis Obispo,2017,365,107,250,8,0,0,0,133,82,58,0,0,158,187,20
37,San Mateo,2017,365,238,120,4,3,0,0,155,62,42,0,13,123,229,0
38,Santa Barbara,2017,365,181,167,6,8,2,1,313,74,51,0,0,169,187,9
39,Santa Clara,2017,365,174,179,9,3,0,0,182,75,52,0,5,132,228,0
40,Santa Cruz,2017,365,269,92,4,0,0,0,130,61,39,0,0,176,189,0
41,Shasta,2017,365,260,91,12,2,0,0,159,84,44,0,0,348,17,0
42,Siskiyou,2017,225,198,23,3,1,0,0,167,57,28,0,0,134,91,0
43,Solano,2017,365,173,182,5,5,0,0,184,73,52,0,2,121,242,0
44,Sonoma,2017,365,267,93,2,3,0,0,169,60,41,0,0,186,178,1
45,Stanislaus,2017,365,127,175,55,8,0,0,185,112,61,0,1,207,150,7
46,Sutter,2017,365,128,228,9,0,0,0,130,84,56,0,0,134,228,3
47,Tehama,2017,365,237,119,6,3,0,0,172,77,42,0,0,277,88,0
48,Trinity,2017,203,76,116,6,1,1,3,844,91,57,0,0,0,203,0
49,Tulare,2017,365,67,171,96,31,0,0,174,147,81,0,0,211,147,7
50,Tuolumne,2017,362,231,106,25,0,0,0,143,93,44,0,0,362,0,0
51,Ventura,2017,365,117,215,20,6,5,2,961,100,57,0,0,176,182,7
52,Yolo,2017,365,228,130,6,1,0,0,154,71,45,0,0,223,141,1
53,Alameda,2018,365,77,271,5,9,3,0,248,79,57,0,1,22,342,0
54,Amador,2018,364,288,70,6,0,0,0,129,71,40,0,0,364,0,0
55,Butte,2018,365,97,228,22,10,3,5,682,104,59,0,0,148,216,1
56,Calaveras,2018,364,52,292,14,6,0,0,160,87,58,0,0,71,293,0
57,Colusa,2018,365,206,131,10,17,1,0,299,84,46,0,0,138,210,17
58,Contra Costa,2018,365,111,236,7,8,3,0,270,74,55,0,0,45,320,0
59,Del Norte,2018,180,134,46,0,0,0,0,80,58,33,0,0,0,180,0
60,El Dorado,2018,365,221,107,27,9,1,0,203,101,45,0,0,347,9,9
61,Fresno,2018,365,61,206,79,19,0,0,185,133,75,0,0,210,151,4
62,Glenn,2018,363,242,105,9,6,1,0,255,71,39,0,0,130,185,48
63,Humboldt,2018,365,301,58,5,1,0,0,167,58,35,0,2,231,117,15
64,Imperial,2018,365,67,248,41,7,2,0,286,108,64,0,4,103,164,94
65,Inyo,2018,365,192,136,26,7,2,2,638,101,49,0,0,291,44,30
66,Kern,2018,365,45,190,103,27,0,0,190,142,84,0,0,226,126,13
67,Kings,2018,365,68,239,49,9,0,0,190,114,70,0,0,161,160,44
68,Lake,2018,357,344,10,1,1,1,0,233,43,33,0,0,343,12,2
69,Los Angeles,2018,365,7,250,89,18,1,0,201,130,78,0,22,153,189,1
70,Madera,2018,365,122,208,30,5,0,0,169,100,58,0,0,181,160,24
71,Marin,2018,365,235,117,3,9,1,0,243,63,43,0,11,85,269,0
72,Mariposa,2018,365,156,169,10,13,15,2,352,108,53,0,0,226,139,0
73,Mendocino,2018,364,217,126,13,6,1,1,376,69,46,0,0,81,282,1
74,Merced,2018,365,110,214,32,9,0,0,178,101,56,0,1,139,224,1
75,Mono,2018,365,252,84,14,10,3,2,1049,85,27,0,0,0,234,131
76,Monterey,2018,365,258,100,5,2,0,0,157,57,42,0,0,149,189,27
77,Napa,2018,364,210,142,4,8,0,0,195,65,46,1,1,99,262,1
78,Nevada,2018,363,231,104,19,7,2,0,218,87,45,0,0,311,52,0
79,Orange,2018,365,114,233,15,3,0,0,160,86,54,0,17,114,231,3
80,Placer,2018,365,213,127,16,7,2,0,248,84,46,0,12,176,174,3
81,Plumas,2018,350,186,154,8,2,0,0,162,85,47,0,0,0,350,0
82,Riverside,2018,365,32,193,102,32,6,0,296,153,87,0,1,210,117,37
83,Sacramento,2018,365,104,226,22,6,5,2,376,100,58,0,1,131,229,4
84,San Benito,2018,365,270,84,11,0,0,0,143,63,42,0,0,286,78,1
85,San Bernardino,2018,365,14,197,96,51,7,0,221,164,89,0,5,197,159,4
86,San Diego,2018,365,28,302,35,0,0,0,143,100,67,0,0,162,203,0
87,San Francisco,2018,365,222,129,2,10,2,0,252,66,44,1,23,86,254,1
88,San Joaquin,2018,365,91,241,20,8,4,1,365,99,59,0,0,85,276,4
89,San Luis Obispo,2018,365,147,209,9,0,0,0,133,77,53,0,0,172,168,25
90,San Mateo,2018,365,236,116,3,10,0,0,197,61,42,0,13,90,262,0
91,Santa Barbara,2018,365,173,190,2,0,0,0,114,67,51,0,0,167,188,10
92,Santa Clara,2018,365,154,194,6,9,2,0,214,72,53,0,2,94,269,0
93,Santa Cruz,2018,365,273,82,5,5,0,0,177,56,41,0,0,136,229,0
94,Shasta,2018,365,272,72,15,5,1,0,206,84,43,0,0,341,23,1
95,Siskiyou,2018,365,247,78,16,21,3,0,219,119,42,0,0,214,151,0
96,Solano,2018,365,184,166,3,11,1,0,272,69,50,0,1,120,244,0
97,Sonoma,2018,365,304,48,3,8,2,0,250,57,39,0,2,232,130,1
98,Stanislaus,2018,365,109,209,32,11,4,0,265,108,59,0,1,153,206,5
99,Sutter,2018,365,94,236,22,6,6,1,420,100,58,0,0,101,263,1
100,Tehama,2018,365,208,128,16,12,1,0,206,96,48,0,0,224,141,0
101,Trinity,2018,291,117,155,12,5,2,0,209,82,54,0,0,0,291,0
102,Tulare,2018,365,50,194,95,26,0,0,180,140,79,0,0,207,152,6
103,Tuolumne,2018,348,254,73,20,1,0,0,154,80,43,0,0,348,0,0
104,Ventura,2018,365,94,254,16,1,0,0,166,88,57,0,0,116,238,11
105,Yolo,2018,365,216,135,5,7,2,0,260,71,45,0,0,198,167,0
106,Alameda,2019,365,183,174,8,0,0,0,150,67,50,0,11,94,260,0
107,Amador,2019,355,308,45,2,0,0,0,115,51,39,0,0,355,0,0
108,Butte,2019,365,171,189,3,2,0,0,180,71,51,0,0,121,243,1
109,Calaveras,2019,360,288,71,1,0,0,0,108,60,43,0,0,297,62,1
110,Colusa,2019,365,260,105,0,0,0,0,85,61,41,0,0,152,173,40
111,Contra Costa,2019,365,238,123,4,0,0,0,129,64,43,0,3,171,190,1
112,Del Norte,2019,248,210,38,0,0,0,0,74,53,26,0,0,0,248,0
113,El Dorado,2019,365,273,86,6,0,0,0,122,74,43,0,0,353,3,9
114,Fresno,2019,365,113,186,64,2,0,0,187,115,63,0,1,229,118,17
115,Glenn,2019,362,274,88,0,0,0,0,86,58,42,0,0,232,119,11
116,Humboldt,2019,363,340,23,0,0,0,0,69,44,28,2,1,253,70,37
117,Imperial,2019,365,94,250,19,2,0,0,185,93,61,0,0,185,128,52
118,Inyo,2019,365,226,127,6,2,1,3,653,84,47,0,0,313,23,29
119,Kern,2019,365,91,179,87,6,1,1,553,122,69,0,1,228,108,28
120,Kings,2019,365,123,201,37,2,0,2,508,105,58,0,0,166,130,69
121,Lake,2019,360,360,0,0,0,0,0,50,42,31,0,0,351,8,1
122,Los Angeles,2019,365,34,245,57,28,1,0,201,136,72,0,24,166,170,5
123,Madera,2019,365,167,185,13,0,0,0,140,84,52,0,0,225,103,37
124,Marin,2019,363,291,71,1,0,0,0,133,55,37,0,10,151,202,0
125,Mariposa,2019,365,192,159,9,5,0,0,185,84,50,0,0,247,118,0
126,Mendocino,2019,361,290,71,0,0,0,0,80,54,36,0,0,155,199,7
127,Merced,2019,365,176,182,7,0,0,0,119,80,51,0,0,202,161,2
128,Mono,2019,365,242,108,6,0,0,9,4227,83,34,0,0,0,322,43
129,Monterey,2019,365,303,61,1,0,0,0,144,54,39,2,0,228,127,8
130,Napa,2019,363,295,66,2,0,0,0,119,54,37,2,0,211,150,0
131,Nevada,2019,361,251,105,5,0,0,0,122,71,45,0,0,272,89,0
132,Orange,2019,365,157,192,15,1,0,0,172,87,53,0,7,188,164,6
133,Placer,2019,365,198,158,9,0,0,0,136,77,49,0,0,218,145,2
134,Plumas,2019,341,220,116,5,0,0,0,138,71,34,0,0,0,341,0
135,Riverside,2019,365,53,192,91,29,0,0,185,147,77,0,0,219,102,44
136,Sacramento,2019,365,175,180,10,0,0,0,140,84,52,0,1,188,169,7
137,San Benito,2019,365,318,47,0,0,0,0,90,52,39,0,0,308,51,6
138,San Bernardino,2019,365,29,203,71,54,8,0,213,172,81,0,4,214,140,7
139,San Diego,2019,365,38,302,23,2,0,0,169,93,66,0,1,133,228,3
140,San Francisco,2019,365,251,113,1,0,0,0,108,58,39,0,15,119,231,0
141,San Joaquin,2019,365,202,151,11,1,0,0,190,82,47,0,1,201,149,14
142,San Luis Obispo,2019,365,196,166,3,0,0,0,108,74,49,0,0,239,109,17
143,San Mateo,2019,365,276,87,2,0,0,0,122,57,39,0,14,135,216,0
144,Santa Barbara,2019,365,242,122,1,0,0,0,105,63,45,0,0,228,128,9
145,Santa Clara,2019,365,205,156,4,0,0,0,136,68,48,0,1,134,229,1
146,Santa Cruz,2019,365,291,74,0,0,0,0,74,54,39,0,0,166,199,0
147,Shasta,2019,364,306,58,0,0,0,0,100,54,42,0,0,349,13,2
148,Siskiyou,2019,365,302,59,2,2,0,0,164,54,38,0,0,239,126,0
149,Solano,2019,365,226,138,1,0,0,0,119,64,45,0,1,129,235,0
150,Sonoma,2019,365,318,47,0,0,0,0,87,52,36,0,1,202,155,7
151,Stanislaus,2019,365,168,174,22,1,0,0,177,92,52,0,0,208,147,10
152,Sutter,2019,365,200,163,2,0,0,0,110,71,48,0,0,200,159,6
153,Tehama,2019,365,263,102,0,0,0,0,93,64,43,0,0,299,66,0
154,Trinity,2019,269,225,42,2,0,0,0,113,56,23,0,0,0,269,0
155,Tulare,2019,365,98,186,78,2,1,0,280,122,67,0,0,210,136,19
156,Tuolumne,2019,358,273,83,2,0,0,0,108,67,43,0,0,358,0,0
157,Ventura,2019,365,175,181,9,0,0,0,126,77,51,0,3,226,127,9
158,Yolo,2019,365,252,112,1,0,0,0,136,63,43,0,1,249,114,1
159,Alameda,2020,366,169,177,8,11,1,0,243,81,52,0,6,87,273,0
160,Amador,2020,359,327,29,2,1,0,0,156,50,37,0,0,359,0,0
161,Butte,2020,366,149,178,18,16,3,2,508,110,54,0,0,159,204,3
162,Calaveras,2020,364,206,135,10,12,1,0,210,79,48,0,0,182,177,5
163,Colusa,2020,366,218,116,9,22,1,0,221,87,42,0,0,148,190,28
164,Contra Costa,2020,366,192,156,7,10,1,0,221,75,49,0,2,107,257,0
165,Del Norte,2020,292,193,90,4,3,2,0,245,61,42,0,0,0,292,0
166,El Dorado,2020,366,256,87,17,6,0,0,190,90,43,0,0,346,13,7
167,Fresno,2020,366,75,192,59,31,8,1,346,154,76,0,0,149,204,13
168,Glenn,2020,364,200,135,7,19,3,0,221,84,46,0,0,151,202,11
169,Humboldt,2020,366,318,45,3,0,0,0,109,53,29,0,0,225,80,61
170,Imperial,2020,366,94,244,26,2,0,0,166,97,60,0,1,153,146,66
171,Inyo,2020,366,158,153,23,16,8,8,705,130,57,0,0,218,128,20
172,Kern,2020,366,56,180,98,28,4,0,267,140,83,0,0,184,166,16
173,Kings,2020,366,76,220,54,13,2,1,548,124,70,0,0,118,199,49
174,Lake,2020,351,341,6,1,3,0,0,190,44,32,0,0,324,25,2
175,Los Angeles,2020,366,35,194,77,43,17,0,250,166,85,0,9,180,175,2
176,Madera,2020,366,104,209,34,15,4,0,275,113,64,0,0,173,174,19
177,Marin,2020,366,272,85,4,4,1,0,231,62,36,0,8,148,210,0
178,Mariposa,2020,366,195,123,27,10,6,5,1073,111,49,0,0,275,84,7
179,Mendocino,2020,366,240,103,10,10,0,3,716,79,40,0,0,112,252,2
180,Merced,2020,366,131,203,17,15,0,0,194,96,57,0,0,164,201,1
181,Mono,2020,366,183,117,13,14,11,28,2088,224,51,0,0,0,331,35
182,Monterey,2020,366,259,92,4,8,3,0,275,64,39,0,0,171,171,24
183,Napa,2020,365,259,91,7,7,1,0,224,66,39,3,0,163,199,0
184,Nevada,2020,366,223,111,15,11,6,0,277,91,46,0,0,173,193,0
185,Orange,2020,366,118,207,28,11,2,0,218,108,56,0,4,153,207,2
186,Placer,2020,366,130,195,20,15,6,0,247,108,57,0,0,181,177,8
187,Plumas,2020,360,135,175,16,17,10,7,755,146,56,0,0,0,360,0
188,Riverside,2020,366,42,179,98,36,9,2,584,159,87,0,0,211,124,31
189,Sacramento,2020,366,145,185,17,16,3,0,226,100,55,0,0,166,191,9
190,San Benito,2020,366,271,78,8,9,0,0,174,68,41,0,0,241,117,8
191,San Bernardino,2020,366,33,170,76,69,18,0,236,185,93,0,6,219,128,13
192,San Diego,2020,366,33,284,35,14,0,0,192,108,74,0,0,100,263,3
193,San Francisco,2020,366,227,131,3,4,1,0,223,67,42,0,5,118,243,0
194,San Joaquin,2020,366,162,173,16,13,2,0,215,97,54,0,0,129,223,14
195,San Luis Obispo,2020,366,161,174,21,7,1,2,334,90,53,0,0,179,181,6
196,San Mateo,2020,366,257,99,5,5,0,0,199,64,37,0,11,136,219,0
197,Santa Barbara,2020,366,199,154,9,4,0,0,174,68,48,0,0,156,207,3
198,Santa Clara,2020,366,174,172,11,9,0,0,198,81,52,0,3,107,256,0
199,Santa Cruz,2020,366,261,85,6,10,1,3,624,68,39,0,0,138,228,0
200,Shasta,2020,366,286,72,6,2,0,0,171,67,41,0,0,325,41,0
201,Siskiyou,2020,366,272,71,10,9,2,2,468,66,39,0,0,210,156,0
202,Solano,2020,366,183,167,9,6,1,0,228,77,51,0,0,125,240,1
203,Sonoma,2020,366,290,69,1,6,0,0,199,57,36,0,1,166,192,7
204,Stanislaus,2020,366,131,198,21,16,0,0,195,102,60,0,1,169,182,14
205,Sutter,2020,366,162,173,15,13,2,1,356,90,53,0,0,140,222,4
206,Tehama,2020,366,216,117,12,19,2,0,218,94,46,0,0,214,152,0
207,Trinity,2020,343,215,100,12,13,3,0,211,81,36,0,0,0,343,0
208,Tulare,2020,366,52,179,103,30,2,0,225,145,80,0,0,164,190,12
209,Tuolumne,2020,353,277,71,5,0,0,0,143,64,41,0,0,353,0,0
210,Ventura,2020,366,185,155,21,5,0,0,174,90,50,0,0,239,119,8
211,Yolo,2020,366,215,123,14,13,1,0,209,86,45,0,1,168,197,0
212,Alameda,2021,365,155,200,9,1,0,0,151,71,53,0,3,99,263,0
213,Amador,2021,365,307,54,4,0,0,0,133,67,37,0,0,365,0,0
214,Butte,2021,365,160,174,18,10,3,0,257,90,53,0,0,177,185,3
215,Calaveras,2021,364,220,135,6,3,0,0,178,77,46,0,0,216,148,0
216,Colusa,2021,365,111,238,9,6,1,0,225,76,55,0,0,60,291,14
217,Contra Costa,2021,365,195,165,5,0,0,0,150,69,47,0,0,139,226,0
218,Del Norte,2021,323,259,64,0,0,0,0,72,54,31,0,0,0,323,0
219,El Dorado,2021,365,247,96,16,4,1,1,375,93,43,0,0,349,9,7
220,Fresno,2021,365,62,221,63,17,2,0,278,130,68,0,0,146,209,10
221,Glenn,2021,365,244,106,9,6,0,0,192,65,42,0,0,183,172,10
222,Humboldt,2021,365,333,32,0,0,0,0,64,48,29,12,0,219,78,56
223,Imperial,2021,365,84,252,22,4,1,2,436,97,60,0,0,134,126,105
224,Inyo,2021,365,100,222,25,12,3,3,558,115,61,0,0,152,185,28
225,Kern,2021,365,35,202,97,29,1,1,314,147,84,0,0,151,199,15
226,Kings,2021,365,84,230,40,10,0,1,685,109,64,0,0,119,168,78
227,Lake,2021,356,348,7,0,1,0,0,157,43,33,0,0,335,19,2
228,Los Angeles,2021,365,9,259,70,26,1,0,281,143,79,0,13,148,199,5
229,Madera,2021,365,133,197,28,7,0,0,194,100,58,0,0,210,131,24
230,Marin,2021,365,267,98,0,0,0,0,88,60,38,0,2,149,214,0
231,Mariposa,2021,365,193,140,25,7,0,0,162,97,49,0,0,292,73,0
232,Mendocino,2021,365,210,147,6,2,0,0,185,69,46,0,0,76,289,0
233,Merced,2021,365,155,177,31,2,0,0,166,100,54,0,0,210,151,4
234,Mono,2021,364,260,78,12,11,0,3,2971,84,27,0,0,0,241,123
235,Monterey,2021,365,261,104,0,0,0,0,80,57,41,0,0,161,194,10
236,Napa,2021,140,108,32,0,0,0,0,77,56,41,1,0,74,65,0
237,Nevada,2021,365,183,129,34,13,4,2,326,115,50,0,0,208,157,0
238,Orange,2021,365,109,238,18,0,0,0,148,87,55,0,5,124,232,4
239,Placer,2021,365,130,187,30,9,6,3,692,115,58,0,0,220,144,1
240,Plumas,2021,365,97,184,37,24,16,7,654,170,67,0,0,0,365,0
241,Riverside,2021,365,19,210,89,44,2,1,329,158,89,0,0,191,127,47
242,Sacramento,2021,365,146,183,30,4,1,1,381,100,55,0,0,195,166,4
243,San Benito,2021,365,295,70,0,0,0,0,100,55,41,0,0,280,79,6
244,San Bernardino,2021,365,17,202,73,61,11,1,486,172,87,0,7,191,155,12
245,San Diego,2021,365,52,297,16,0,0,0,133,90,67,0,0,163,199,3
246,San Francisco,2021,365,255,110,0,0,0,0,86,60,39,0,8,162,195,0
247,San Joaquin,2021,365,140,209,15,1,0,0,153,84,55,0,0,114,231,20
248,San Luis Obispo,2021,365,154,203,8,0,0,0,133,77,53,0,0,190,167,8
249,San Mateo,2021,365,290,75,0,0,0,0,90,56,36,0,3,199,163,0
250,Santa Barbara,2021,365,240,124,1,0,0,0,101,60,44,0,0,180,184,1
251,Santa Clara,2021,365,147,211,7,0,0,0,147,72,53,0,0,90,275,0
252,Santa Cruz,2021,365,298,67,0,0,0,0,80,54,37,0,0,187,178,0
253,Shasta,2021,365,222,111,15,12,5,0,240,93,46,0,0,271,94,0
254,Siskiyou,2021,364,237,96,7,21,3,0,210,86,43,0,0,178,186,0
255,Solano,2021,365,215,147,3,0,0,0,126,66,44,0,0,172,193,0
256,Sonoma,2021,365,283,82,0,0,0,0,89,57,37,0,0,156,203,6
257,Stanislaus,2021,365,84,234,42,5,0,0,172,105,61,0,0,136,225,4
258,Sutter,2021,364,102,240,17,5,0,0,175,90,59,0,0,95,268,1
259,Tehama,2021,365,207,122,21,15,0,0,193,100,47,0,0,256,109,0
260,Trinity,2021,328,201,81,4,19,9,14,1217,168,38,0,0,0,328,0
261,Tulare,2021,365,49,182,93,38,2,1,961,154,81,0,0,173,187,5
262,Tuolumne,2021,360,295,63,2,0,0,0,136,61,41,0,0,360,0,0
263,Ventura,2021,365,157,198,10,0,0,0,122,80,53,0,0,214,140,11
264,Yolo,2021,365,242,117,4,2,0,0,159,68,42,0,0,215,149,1
